{
    "name": "root",
    "gauges": {
        "EnemyAgent.Policy.Entropy.mean": {
            "value": 1.3988630771636963,
            "min": 1.397885799407959,
            "max": 1.4189382791519165,
            "count": 50
        },
        "EnemyAgent.Policy.Entropy.sum": {
            "value": 2797.72607421875,
            "min": 2795.771484375,
            "max": 2837.87646484375,
            "count": 50
        },
        "EnemyAgent.Environment.EpisodeLength.mean": {
            "value": 0.0,
            "min": 0.0,
            "max": 0.02564102564102564,
            "count": 50
        },
        "EnemyAgent.Environment.EpisodeLength.sum": {
            "value": 0.0,
            "min": 0.0,
            "max": 50.0,
            "count": 50
        },
        "EnemyAgent.Step.mean": {
            "value": 99999.0,
            "min": 1999.0,
            "max": 99999.0,
            "count": 50
        },
        "EnemyAgent.Step.sum": {
            "value": 99999.0,
            "min": 1999.0,
            "max": 99999.0,
            "count": 50
        },
        "EnemyAgent.Policy.ExtrinsicValueEstimate.mean": {
            "value": 1.0084055662155151,
            "min": 0.6193357110023499,
            "max": 2.0490291118621826,
            "count": 50
        },
        "EnemyAgent.Policy.ExtrinsicValueEstimate.sum": {
            "value": 2016.81103515625,
            "min": 1238.67138671875,
            "max": 4098.05810546875,
            "count": 50
        },
        "EnemyAgent.Environment.CumulativeReward.mean": {
            "value": 1.0,
            "min": 0.98425,
            "max": 1.128783991790662,
            "count": 50
        },
        "EnemyAgent.Environment.CumulativeReward.sum": {
            "value": 2000.0,
            "min": 1968.5,
            "max": 2200.0,
            "count": 50
        },
        "EnemyAgent.Policy.ExtrinsicReward.mean": {
            "value": 1.0,
            "min": 0.98425,
            "max": 1.128783991790662,
            "count": 50
        },
        "EnemyAgent.Policy.ExtrinsicReward.sum": {
            "value": 2000.0,
            "min": 1968.5,
            "max": 2200.0,
            "count": 50
        },
        "EnemyAgent.IsTraining.mean": {
            "value": 1.0,
            "min": 1.0,
            "max": 1.0,
            "count": 50
        },
        "EnemyAgent.IsTraining.sum": {
            "value": 1.0,
            "min": 1.0,
            "max": 1.0,
            "count": 50
        },
        "EnemyAgent.Losses.PolicyLoss.mean": {
            "value": 0.07322766475166038,
            "min": 0.05242671737626855,
            "max": 0.08732342061315042,
            "count": 48
        },
        "EnemyAgent.Losses.PolicyLoss.sum": {
            "value": 0.07322766475166038,
            "min": 0.05242671737626855,
            "max": 0.08732342061315042,
            "count": 48
        },
        "EnemyAgent.Losses.ValueLoss.mean": {
            "value": 0.0006793066107396347,
            "min": 5.5695281541071985e-05,
            "max": 260.5105134076439,
            "count": 48
        },
        "EnemyAgent.Losses.ValueLoss.sum": {
            "value": 0.0006793066107396347,
            "min": 5.5695281541071985e-05,
            "max": 260.5105134076439,
            "count": 48
        },
        "EnemyAgent.Policy.LearningRate.mean": {
            "value": 4.944098352000015e-06,
            "min": 4.944098352000015e-06,
            "max": 0.000293853002049,
            "count": 48
        },
        "EnemyAgent.Policy.LearningRate.sum": {
            "value": 4.944098352000015e-06,
            "min": 4.944098352000015e-06,
            "max": 0.000293853002049,
            "count": 48
        },
        "EnemyAgent.Policy.Epsilon.mean": {
            "value": 0.101648,
            "min": 0.101648,
            "max": 0.19795100000000002,
            "count": 48
        },
        "EnemyAgent.Policy.Epsilon.sum": {
            "value": 0.101648,
            "min": 0.101648,
            "max": 0.19795100000000002,
            "count": 48
        },
        "EnemyAgent.Policy.Beta.mean": {
            "value": 0.0005,
            "min": 0.0005,
            "max": 0.0005,
            "count": 48
        },
        "EnemyAgent.Policy.Beta.sum": {
            "value": 0.0005,
            "min": 0.0005,
            "max": 0.0005,
            "count": 48
        }
    },
    "metadata": {
        "timer_format_version": "0.1.0",
        "start_time_seconds": "1686754899",
        "python_version": "3.9.13 (main, Aug 25 2022, 23:51:50) [MSC v.1916 64 bit (AMD64)]",
        "command_line_arguments": "C:\\Users\\aladi\\anaconda3\\Scripts\\mlagents-learn config/EnemyAgent.yaml --run-id=EnemyAgent --force",
        "mlagents_version": "0.29.0",
        "mlagents_envs_version": "0.29.0",
        "communication_protocol_version": "1.5.0",
        "pytorch_version": "1.7.1+cu110",
        "numpy_version": "1.21.2",
        "end_time_seconds": "1686756777"
    },
    "total": 1877.9461006000001,
    "count": 1,
    "self": 0.031185000000277796,
    "children": {
        "run_training.setup": {
            "total": 0.2280000999999996,
            "count": 1,
            "self": 0.2280000999999996
        },
        "TrainerController.start_learning": {
            "total": 1877.6869155,
            "count": 1,
            "self": 4.421988300036219,
            "children": {
                "TrainerController._reset_env": {
                    "total": 5.7024127,
                    "count": 1,
                    "self": 5.7024127
                },
                "TrainerController.advance": {
                    "total": 1867.3124211999636,
                    "count": 199951,
                    "self": 3.279724399903671,
                    "children": {
                        "env_step": {
                            "total": 1460.6783823999963,
                            "count": 199951,
                            "self": 1022.2387762999692,
                            "children": {
                                "SubprocessEnvManager._take_step": {
                                    "total": 436.06922480001117,
                                    "count": 199951,
                                    "self": 8.024122700018438,
                                    "children": {
                                        "TorchPolicy.evaluate": {
                                            "total": 428.04510209999273,
                                            "count": 100001,
                                            "self": 171.99083209997747,
                                            "children": {
                                                "TorchPolicy.sample_actions": {
                                                    "total": 256.05427000001526,
                                                    "count": 100001,
                                                    "self": 256.05427000001526
                                                }
                                            }
                                        }
                                    }
                                },
                                "workers": {
                                    "total": 2.3703813000159286,
                                    "count": 199951,
                                    "self": 0.0,
                                    "children": {
                                        "worker_root": {
                                            "total": 1868.0130705999752,
                                            "count": 199951,
                                            "is_parallel": true,
                                            "self": 1019.2090698999572,